use revature;
DROP TABLE IF EXISTS Physician;
CREATE TABLE Physician (
  EmployeeID INTEGER NOT NULL,
  Name VARCHAR(30) NOT NULL,
  Position VARCHAR(30) NOT NULL,
  SSN INTEGER NOT NULL,
  CONSTRAINT pk_physician PRIMARY KEY(EmployeeID)
); 
INSERT INTO Physician VALUES
(1,'John Dorian','Staff Internist',111111111),
(2,'Elliot Reid','Attending Physician',222222222),
(3,'Christopher Turk','Surgical Attending Physician',333333333),
(4,'Percival Cox','Senior Attending Physician',444444444),
(5,'Bob Kelso','Head Chief of Medicine',555555555),
(6,'Todd Quinlan','Surgical Attending Physician',666666666),
(7,'John Wen','Surgical Attending Physician',777777777),
(8,'Keith Dudemeister','MD Resident',888888888),
(9,'Molly Clock','Attending Psychiatrist',999999999);

select * from physician;

DROP TABLE IF EXISTS Department;
CREATE TABLE Department (
  DepartmentID INTEGER NOT NULL,
  Name VARCHAR(30) NOT NULL,
  Head INTEGER NOT NULL,
  CONSTRAINT pk_Department PRIMARY KEY(DepartmentID),
  CONSTRAINT fk_Department_Physician_EmployeeID FOREIGN KEY(Head) REFERENCES Physician(EmployeeID)
);

INSERT INTO Department VALUES
(1,'General Medicine',4),
(2,'Surgery',7),
(3,'Psychiatry',9);

select * from Department;

DROP TABLE IF EXISTS Affiliated_With;
CREATE TABLE Affiliated_With (
  Physician INTEGER NOT NULL,
  Department INTEGER NOT NULL,
  PrimaryAffiliation BIT NOT NULL,
  CONSTRAINT fk_Affiliated_With_Physician_EmployeeID FOREIGN KEY(Physician) REFERENCES Physician(EmployeeID),
  CONSTRAINT fk_Affiliated_With_Department_DepartmentID FOREIGN KEY(Department) REFERENCES Department(DepartmentID),
  PRIMARY KEY(Physician, Department)
);

INSERT INTO Affiliated_With VALUES(1,1,1);
INSERT INTO Affiliated_With VALUES(2,1,1);
INSERT INTO Affiliated_With VALUES(3,1,0);
INSERT INTO Affiliated_With VALUES(3,2,1);
INSERT INTO Affiliated_With VALUES(4,1,1);
INSERT INTO Affiliated_With VALUES(5,1,1);
INSERT INTO Affiliated_With VALUES(6,2,1);
INSERT INTO Affiliated_With VALUES(7,1,0);
INSERT INTO Affiliated_With VALUES(7,2,1);
INSERT INTO Affiliated_With VALUES(8,1,1);
INSERT INTO Affiliated_With VALUES(9,3,1);

select * from Affiliated_With;

DROP TABLE IF EXISTS Procedures;
CREATE TABLE Procedures (
  Code INTEGER PRIMARY KEY NOT NULL,
  Name VARCHAR(30) NOT NULL,
  Cost REAL NOT NULL
);

INSERT INTO Procedures VALUES(1,'Reverse Rhinopodoplasty',1500.0);
INSERT INTO Procedures VALUES(2,'Obtuse Pyloric Recombobulation',3750.0);
INSERT INTO Procedures VALUES(3,'Folded Demiophtalmectomy',4500.0);
INSERT INTO Procedures VALUES(4,'Complete Walletectomy',10000.0);
INSERT INTO Procedures VALUES(5,'Obfuscated Dermogastrotomy',4899.0);
INSERT INTO Procedures VALUES(6,'Reversible Pancreomyoplasty',5600.0);
INSERT INTO Procedures VALUES(7,'Follicular Demiectomy',25.0);

select * from procedures;

DROP TABLE IF EXISTS Trained_In;
CREATE TABLE Trained_In (
  Physician INTEGER NOT NULL,
  Treatment INTEGER NOT NULL,
  CertificationDate DATETIME NOT NULL,
  CertificationExpires DATETIME NOT NULL,
  CONSTRAINT fk_Trained_In_Physician_EmployeeID FOREIGN KEY(Physician) REFERENCES Physician(EmployeeID),
  CONSTRAINT fk_Trained_In_Procedures_Code FOREIGN KEY(Treatment) REFERENCES Procedures(Code),
  PRIMARY KEY(Physician, Treatment)
);

INSERT INTO Trained_In VALUES(3,1,'2008-01-01','2008-12-31');
INSERT INTO Trained_In VALUES(3,2,'2008-01-01','2008-12-31');
INSERT INTO Trained_In VALUES(3,5,'2008-01-01','2008-12-31');
INSERT INTO Trained_In VALUES(3,6,'2008-01-01','2008-12-31');
INSERT INTO Trained_In VALUES(3,7,'2008-01-01','2008-12-31');
INSERT INTO Trained_In VALUES(6,2,'2008-01-01','2008-12-31');
INSERT INTO Trained_In VALUES(6,5,'2007-01-01','2007-12-31');
INSERT INTO Trained_In VALUES(6,6,'2008-01-01','2008-12-31');
INSERT INTO Trained_In VALUES(7,1,'2008-01-01','2008-12-31');
INSERT INTO Trained_In VALUES(7,2,'2008-01-01','2008-12-31');
INSERT INTO Trained_In VALUES(7,3,'2008-01-01','2008-12-31');
INSERT INTO Trained_In VALUES(7,4,'2008-01-01','2008-12-31');
INSERT INTO Trained_In VALUES(7,5,'2008-01-01','2008-12-31');
INSERT INTO Trained_In VALUES(7,6,'2008-01-01','2008-12-31');
INSERT INTO Trained_In VALUES(7,7,'2008-01-01','2008-12-31');

select * from Trained_In;

DROP TABLE IF EXISTS Patient;
CREATE TABLE Patient (
  SSN INTEGER PRIMARY KEY NOT NULL,
  Name VARCHAR(30) NOT NULL,
  Address VARCHAR(30) NOT NULL,
  Phone VARCHAR(30) NOT NULL,
  InsuranceID INTEGER NOT NULL,
  PCP INTEGER NOT NULL,
  CONSTRAINT fk_Patient_Physician_EmployeeID FOREIGN KEY(PCP) REFERENCES Physician(EmployeeID)
);

INSERT INTO Patient VALUES(100000001,'John Smith','42 Foobar Lane','555-0256',68476213,1);
INSERT INTO Patient VALUES(100000002,'Grace Ritchie','37 Snafu Drive','555-0512',36546321,2);
INSERT INTO Patient VALUES(100000003,'Random J. Patient','101 Omgbbq Street','555-1204',65465421,2);
INSERT INTO Patient VALUES(100000004,'Dennis Doe','1100 Foobaz Avenue','555-2048',68421879,3);

select * from Patient;

DROP TABLE IF EXISTS Nurse;
CREATE TABLE Nurse (
  EmployeeID INTEGER PRIMARY KEY NOT NULL,
  Name VARCHAR(30) NOT NULL,
  Position VARCHAR(30) NOT NULL,
  Registered BIT NOT NULL,
  SSN INTEGER NOT NULL
);

INSERT INTO Nurse VALUES(101,'Carla Espinosa','Head Nurse',1,111111110);
INSERT INTO Nurse VALUES(102,'Laverne Roberts','Nurse',1,222222220);
INSERT INTO Nurse VALUES(103,'Paul Flowers','Nurse',0,333333330);

select * from Nurse;

DROP TABLE IF EXISTS Appointment;
CREATE TABLE Appointment (
  AppointmentID INTEGER PRIMARY KEY NOT NULL,
  Patient INTEGER NOT NULL,    
  PrepNurse INTEGER,
  Physician INTEGER NOT NULL,
  Starto DATETIME NOT NULL,
  Endo DATETIME NOT NULL,
  ExaminationRoom TEXT NOT NULL,
  CONSTRAINT fk_Appointment_Patient_SSN FOREIGN KEY(Patient) REFERENCES Patient(SSN),
  CONSTRAINT fk_Appointment_Nurse_EmployeeID FOREIGN KEY(PrepNurse) REFERENCES Nurse(EmployeeID),
  CONSTRAINT fk_Appointment_Physician_EmployeeID FOREIGN KEY(Physician) REFERENCES Physician(EmployeeID)
);

INSERT INTO Appointment VALUES(13216584,100000001,101,1,'2008-04-24 10:00','2008-04-24 11:00','A');
INSERT INTO Appointment VALUES(26548913,100000002,101,2,'2008-04-24 10:00','2008-04-24 11:00','B');
INSERT INTO Appointment VALUES(36549879,100000001,102,1,'2008-04-25 10:00','2008-04-25 11:00','A');
INSERT INTO Appointment VALUES(46846589,100000004,103,4,'2008-04-25 10:00','2008-04-25 11:00','B');
INSERT INTO Appointment VALUES(59871321,100000004,NULL,4,'2008-04-26 10:00','2008-04-26 11:00','C');
INSERT INTO Appointment VALUES(69879231,100000003,103,2,'2008-04-26 11:00','2008-04-26 12:00','C');
INSERT INTO Appointment VALUES(76983231,100000001,NULL,3,'2008-04-26 12:00','2008-04-26 13:00','C');
INSERT INTO Appointment VALUES(86213939,100000004,102,9,'2008-04-27 10:00','2008-04-21 11:00','A');
INSERT INTO Appointment VALUES(93216548,100000002,101,2,'2008-04-27 10:00','2008-04-27 11:00','B');

select * from Appointment;

DROP TABLE IF EXISTS Medication;
CREATE TABLE Medication (
  Code INTEGER PRIMARY KEY NOT NULL,
  Name VARCHAR(30) NOT NULL,
  Brand VARCHAR(30) NOT NULL,
  Description VARCHAR(30) NOT NULL
);

INSERT INTO Medication VALUES(1,'Procrastin-X','X','N/A');
INSERT INTO Medication VALUES(2,'Thesisin','Foo Labs','N/A');
INSERT INTO Medication VALUES(3,'Awakin','Bar Laboratories','N/A');
INSERT INTO Medication VALUES(4,'Crescavitin','Baz Industries','N/A');
INSERT INTO Medication VALUES(5,'Melioraurin','Snafu Pharmaceuticals','N/A');

select * from Medication;

DROP TABLE IF EXISTS Prescribes;
CREATE TABLE Prescribes (
  Physician INTEGER NOT NULL,
  Patient INTEGER NOT NULL, 
  Medication INTEGER NOT NULL, 
  Date DATETIME NOT NULL,
  Appointment INTEGER,  
  Dose VARCHAR(30) NOT NULL,
  PRIMARY KEY(Physician, Patient, Medication, Date),
  CONSTRAINT fk_Prescribes_Physician_EmployeeID FOREIGN KEY(Physician) REFERENCES Physician(EmployeeID),
  CONSTRAINT fk_Prescribes_Patient_SSN FOREIGN KEY(Patient) REFERENCES Patient(SSN),
  CONSTRAINT fk_Prescribes_Medication_Code FOREIGN KEY(Medication) REFERENCES Medication(Code),
  CONSTRAINT fk_Prescribes_Appointment_AppointmentID FOREIGN KEY(Appointment) REFERENCES Appointment(AppointmentID)
);

INSERT INTO Prescribes VALUES(1,100000001,1,'2008-04-24 10:47',13216584,'5');
INSERT INTO Prescribes VALUES(9,100000004,2,'2008-04-27 10:53',86213939,'10');
INSERT INTO Prescribes VALUES(9,100000004,2,'2008-04-30 16:53',NULL,'5');

select * from Prescribes;


DROP TABLE IF EXISTS Block;
CREATE TABLE Block (
  BlockFloor INTEGER NOT NULL,
  BlockCode INTEGER NOT NULL,
  PRIMARY KEY(BlockFloor, BlockCode)
); 

INSERT INTO Block VALUES(1,1);
INSERT INTO Block VALUES(1,2);
INSERT INTO Block VALUES(1,3);
INSERT INTO Block VALUES(2,1);
INSERT INTO Block VALUES(2,2);
INSERT INTO Block VALUES(2,3);
INSERT INTO Block VALUES(3,1);
INSERT INTO Block VALUES(3,2);
INSERT INTO Block VALUES(3,3);
INSERT INTO Block VALUES(4,1);
INSERT INTO Block VALUES(4,2);
INSERT INTO Block VALUES(4,3);

select * from Block;


DROP TABLE IF EXISTS Room;
CREATE TABLE Room (
  RoomNumber INTEGER PRIMARY KEY NOT NULL,
  RoomType VARCHAR(30) NOT NULL,
  BlockFloor INTEGER NOT NULL,  
  BlockCode INTEGER NOT NULL,  
  Unavailable BIT NOT NULL,
  CONSTRAINT fk_Room_Block_PK FOREIGN KEY(BlockFloor, BlockCode) REFERENCES Block(BlockFloor, BlockCode)
);


INSERT INTO Room VALUES(101,'Single',1,1,0);
INSERT INTO Room VALUES(102,'Single',1,1,0);
INSERT INTO Room VALUES(103,'Single',1,1,0);
INSERT INTO Room VALUES(111,'Single',1,2,0);
INSERT INTO Room VALUES(112,'Single',1,2,1);
INSERT INTO Room VALUES(113,'Single',1,2,0);
INSERT INTO Room VALUES(121,'Single',1,3,0);
INSERT INTO Room VALUES(122,'Single',1,3,0);
INSERT INTO Room VALUES(123,'Single',1,3,0);
INSERT INTO Room VALUES(201,'Single',2,1,1);
INSERT INTO Room VALUES(202,'Single',2,1,0);
INSERT INTO Room VALUES(203,'Single',2,1,0);
INSERT INTO Room VALUES(211,'Single',2,2,0);
INSERT INTO Room VALUES(212,'Single',2,2,0);
INSERT INTO Room VALUES(213,'Single',2,2,1);
INSERT INTO Room VALUES(221,'Single',2,3,0);
INSERT INTO Room VALUES(222,'Single',2,3,0);
INSERT INTO Room VALUES(223,'Single',2,3,0);
INSERT INTO Room VALUES(301,'Single',3,1,0);
INSERT INTO Room VALUES(302,'Single',3,1,1);
INSERT INTO Room VALUES(303,'Single',3,1,0);
INSERT INTO Room VALUES(311,'Single',3,2,0);
INSERT INTO Room VALUES(312,'Single',3,2,0);
INSERT INTO Room VALUES(313,'Single',3,2,0);
INSERT INTO Room VALUES(321,'Single',3,3,1);
INSERT INTO Room VALUES(322,'Single',3,3,0);
INSERT INTO Room VALUES(323,'Single',3,3,0);
INSERT INTO Room VALUES(401,'Single',4,1,0);
INSERT INTO Room VALUES(402,'Single',4,1,1);
INSERT INTO Room VALUES(403,'Single',4,1,0);
INSERT INTO Room VALUES(411,'Single',4,2,0);
INSERT INTO Room VALUES(412,'Single',4,2,0);
INSERT INTO Room VALUES(413,'Single',4,2,0);
INSERT INTO Room VALUES(421,'Single',4,3,1);
INSERT INTO Room VALUES(422,'Single',4,3,0);
INSERT INTO Room VALUES(423,'Single',4,3,0);


select * from Room;


DROP TABLE IF EXISTS On_Call;
CREATE TABLE On_Call (
  Nurse INTEGER NOT NULL,
  BlockFloor INTEGER NOT NULL, 
  BlockCode INTEGER NOT NULL,
  OnCallStart DATETIME NOT NULL,
  OnCallEnd DATETIME NOT NULL,
  PRIMARY KEY(Nurse, BlockFloor, BlockCode, OnCallStart, OnCallEnd),
  CONSTRAINT fk_OnCall_Nurse_EmployeeID FOREIGN KEY(Nurse) REFERENCES Nurse(EmployeeID),
  CONSTRAINT fk_OnCall_Block_Floor FOREIGN KEY(BlockFloor, BlockCode) REFERENCES Block(BlockFloor, BlockCode) 
);

INSERT INTO On_Call VALUES(101,1,1,'2008-11-04 11:00','2008-11-04 19:00');
INSERT INTO On_Call VALUES(101,1,2,'2008-11-04 11:00','2008-11-04 19:00');
INSERT INTO On_Call VALUES(102,1,3,'2008-11-04 11:00','2008-11-04 19:00');
INSERT INTO On_Call VALUES(103,1,1,'2008-11-04 19:00','2008-11-05 03:00');
INSERT INTO On_Call VALUES(103,1,2,'2008-11-04 19:00','2008-11-05 03:00');
INSERT INTO On_Call VALUES(103,1,3,'2008-11-04 19:00','2008-11-05 03:00');

select * from On_Call;


DROP TABLE IF EXISTS Stay;
CREATE TABLE Stay (
  StayID INTEGER PRIMARY KEY NOT NULL,
  Patient INTEGER NOT NULL,
  Room INTEGER NOT NULL,
  StayStart DATETIME NOT NULL,
  StayEnd DATETIME NOT NULL,
  CONSTRAINT fk_Stay_Patient_SSN FOREIGN KEY(Patient) REFERENCES Patient(SSN),
  CONSTRAINT fk_Stay_Room_Number FOREIGN KEY(Room) REFERENCES Room(RoomNumber)
);

INSERT INTO Stay VALUES(3215,100000001,111,'2008-05-01','2008-05-04');
INSERT INTO Stay VALUES(3216,100000003,123,'2008-05-03','2008-05-14');
INSERT INTO Stay VALUES(3217,100000004,112,'2008-05-02','2008-05-03');

select * from Stay;


DROP TABLE IF EXISTS Undergoes;
CREATE TABLE Undergoes (
  Patient INTEGER NOT NULL,
  Procedures INTEGER NOT NULL,
  Stay INTEGER NOT NULL,
  DateUndergoes DATETIME NOT NULL,
  Physician INTEGER NOT NULL,
  AssistingNurse INTEGER,
  PRIMARY KEY(Patient, Procedures, Stay, DateUndergoes),
  CONSTRAINT fk_Undergoes_Patient_SSN FOREIGN KEY(Patient) REFERENCES Patient(SSN),
  CONSTRAINT fk_Undergoes_Procedures_Code FOREIGN KEY(Procedures) REFERENCES Procedures(Code),
  CONSTRAINT fk_Undergoes_Stay_StayID FOREIGN KEY(Stay) REFERENCES Stay(StayID),
  CONSTRAINT fk_Undergoes_Physician_EmployeeID FOREIGN KEY(Physician) REFERENCES Physician(EmployeeID),
  CONSTRAINT fk_Undergoes_Nurse_EmployeeID FOREIGN KEY(AssistingNurse) REFERENCES Nurse(EmployeeID)
);

INSERT INTO Undergoes VALUES(100000001,6,3215,'2008-05-02',3,101);
INSERT INTO Undergoes VALUES(100000001,2,3215,'2008-05-03',7,101);
INSERT INTO Undergoes VALUES(100000004,1,3217,'2008-05-07',3,102);
INSERT INTO Undergoes VALUES(100000004,5,3217,'2008-05-09',6,NULL);
INSERT INTO Undergoes VALUES(100000001,7,3217,'2008-05-10',7,101);
INSERT INTO Undergoes VALUES(100000004,4,3217,'2008-05-13',3,103);

select * from Undergoes;


-- 1. Obtain the names of all physicians that have performed a medical procedure they have never been certified to perform


select p.name from physician p 
join undergoes u on p.employeeID = u.physician
join procedures pr on u.procedures = pr.code
where (u.physician , u.procedures) not in (
select t.physician, t.treatment
from trained_in t
);

-- 2. Same as the previous query, but include the following information in the results: Physician name, name of procedure, date when the procedure was carried out, name of the patient the procedure was carried out on.

select 
p.name as Physician_name,
pr.name as Physician_Name,
u.DateUndergoes as Date_Performed,
pa.name as Patient_name
from undergoes u  
join physician p on u.physician = p.employeeID
join procedures pr on u.procedures = pr.code
join patient pa on u.patient = pa.ssn
where (u.physician , u.procedures) not in (
select t.physician, t.treatment
from trained_in t
);

-- 3.Obtain the names of all physicians that have performed a medical procedure that they are certified to perform, but such that the procedure was done at a date (Undergoes.Date) after the physician's certification expired (Trained_In.CertificationExpires).

select p.name as physician_name
from undergoes u
join physician p on u.physician = p.employeeID
join trained_in t 
on u.physician = t.physician
where u.dateundergoes > t.certificationexpires;

-- 4.Same as the previous query, but include the following information in the results: Physician name, name of procedure, date when the procedure was carried out, name of the patient the procedure was carried out on, and date when the certification expired.


select 
p.name as physician_Name,
pr.name as Procedure_name,
u.dateundergoes as date_Performed,
pa.name as patient_Name,
t.certificationexpires as Certification_Expires
from undergoes u 
join physician p on u.physician = p.employeeID
join procedures pr on u.procedures = pr.code
join patient pa on u.patient = pa.ssn
join trained_in t
on u.physician = t.physician
and u.physician = t.physician
where u.dateundergoes > t.certificationexpires;


-- 5.Obtain the information for appointments where a patient met with a physician other than his/her primary care physician. Show the following information: Patient name, physician name, nurse name (if any), start and end time of appointment, examination room, and the name of the patient's primary care physician.

select 
pa.name as Patient_name,
p.name as physician_Name,
n.name as nurse_Name,
a.starto as Start_Appointment,
a.endo as End_Appointment,
a.examinationroom as Examination_Room,
pcp.name as Primary_care_Physician
from appointment a
join patient pa on a.patient = pa.ssn
join physician p on a.physician = p.employeeID
left join nurse n on a.prepnurse = n.employeeID
join physician pcp on pa.pcp = pcp.employeeID
where a.physician <> pa.pcp;

-- 6.The Patient field in Undergoes is redundant, since we can obtain it from the Stay table. There are no constraints in force to prevent inconsistencies between these two tables. More specifically, the Undergoes table may include a row where the patient ID does not match the one we would obtain from the Stay table through the Undergoes.Stay foreign key. Select all rows from Undergoes that exhibit this inconsistency.

select u.*
from Undergoes u
join stay s on u.stay = s.stayID
where u.patient <> s.patient;

-- 7.Obtain the names of all the nurses who have ever been on call for room 123.

select n.name as Nurse_Name
from nurse n
join on_call oc on n.employeeID = oc.nurse
join room r on oc.blockfloor = r.blockfloor and 
oc.blockcode = r.blockcode
where r.roomnumber = 123;

-- 8.The hospital has several examination rooms where appointments take place. Obtain the number of appointments that have taken place in each examination room.  

select 
ExaminationRoom,
count(*) as NumAppointments
from Appointment
group by  ExaminationRoom;


-- 9.Obtain the names of all patients (also include, for each patient, the name of the patient's primary care physician), such that \emph{all} the following are true:
select 
    pa.name as patientname,
    pcp.name as primarycarephysician
from patient pa
join physician pcp on pa.pcp = pcp.employeeID
where 
    -- 1: The patient has been prescribed some medication by his/her primary care physician.
    exists (
        select 1
        from prescribes pr
        where pr.patient = pa.ssn
          and pr.physician = pa.pcp
    )
    -- 2: The patient has undergone a procedure with a cost larger that $5,000
    and exists (
        select 1
        from undergoes u
        join procedures p on u.procedures = p.code
        where u.patient = pa.ssn
          and p.cost > 5000
    )
    -- 3: The patient has had at least two appointment where the nurse who prepped the appointment was a registered nurse.

    and (
        select count(*)
        from appointment a
        join nurse n on a.prepnurse = n.employeeID
        where a.patient = pa.ssn
          and n.registered = 1
    ) >= 2
    -- 4: The patient's primary care physician is not the head of any department.

    and not exists (
        select 1
        from department d
        where d.head = pa.pcp
    );
